skatepark_id,city,state,address,latitude,longitude
1,alameda,california,"1101 W Red Line Ave, Alameda, CA 94501",37.789366,-122.307045
2,american canyon,california,"298 Benton Way, American Canyon, CA 94503",38.171292,-122.266
3,anaheim,california,"670 N Ventura St, Anaheim, CA 92801",33.841615,-117.962502
4,anaheim,california,"373 E Broadway, Anaheim, CA 92805",33.834303,-117.910033
5,anderson,california,"20298 Olinda Rd, Anderson, CA 96007",40.441879,-122.302099
6,antioch,california,"4701 Lone Tree Way, Antioch, CA 94531",37.964902,-121.77001
7,apple valley,california,"13467 Navajo Rd, Apple Valley, CA 92308",34.496583,-117.188194
8,arcadia,california,"207 Bonita St, Arcadia, CA 91006",34.139063,-118.023842
9,arcata,california,"700 S G St, Arcata, CA 95521",40.8561178,-124.0889229
10,arcata,california,"1010 Sunset Ave, Arcata, CA 95521",40.879455,-124.08402
11,atascadero,california,"5493 Traffic Way, Atascadero, CA 93422",35.49586,-120.666518
12,atwater,california,"435 E Bellevue Rd, Atwater, CA 95301",37.360795,-120.59052
13,auburn,california,"855 Pacific Ave, Auburn, CA 95603",38.889489,-121.067753
14,avalon,california,"410 Avalon Cyn Rd, Avalon, CA 90704",33.33908,-118.327924
15,avenal,california,"703 S 4th Ave, Avenal, CA 93204",36.001341,-120.133159
16,azusa,california,"320 N Orange Pl, Azusa, CA 91702",34.127046,-117.912438
17,bakersfield,california,"3699 21st St, Bakersfield, CA 93301",35.379111,-119.043081
18,bakersfield,california,"1601 Planz Rd, Bakersfield, CA 93304",35.324457,-119.01956
19,bakersfield,california,"Valley Ln & Eagles View St , Bakersfield, CA 93306",35.415044,-118.893145
20,baldwin park,california,"15010 Badillo St, Baldwin Park, CA 91706",34.086257,-117.951594
21,banning,california,"749 N San Gorgonio Ave, Banning, CA 92220",33.931353,-116.877774
22,barstow,california,"840 Barstow Rd, Barstow, CA 92311",34.889283,-117.023591
23,bell gardens,california,"6641 Florence Pl, Bell Gardens CA 90201",33.96629,-118.146744
24,bellflower,california,"10522 Flora Vista St, Bellflower, CA 90706",33.87951,-118.108814
25,ben lomond,california,"8500 CA-9, Ben Lomond, CA 95006",37.080843,-122.08365
26,benicia,california,"Rose Dr & Dempsey Dr, Benicia, CA 94510",38.087937,-122.161936
27,berkeley,california,"711 Harrison St, Berkeley, CA 94710",37.881053,-122.303443
28,big bear lake,california,"550 S Maple Ln, Big Bear City, CA 92314",34.251182,-116.824735
29,big bear lake,california,"40946 Big Bear Blvd, Big Bear Lake, CA 92315",34.243873,-116.909168
30,biggs,california,"C St & 9th St, Biggs, CA 95917",39.413041,-121.713904
31,bishop,california,"N Main St & Park St, Bishop, CA 93514",37.367199,-118.393078
32,bolinas,california,"100 Mesa Rd, Bolinas, CA 94924",37.911103,-122.698488
33,borrego springs,california,"630 Cahuilla Rd, Borrego Springs, CA 92004",33.264327,-116.377163
34,brawley,california,"221 Magnolia St, Brawley, CA 92227",32.985267,-115.537611
35,brea,california,"599 Sievers Ave, Brea, CA 92821",33.91351,-117.907193
36,brentwood,california,"198 Griffith Ln, Brentwood, CA 94513",37.927326,-121.70702
37,brisbane,california,"Park Ln & Old County Rd, Brisbane, CA 94005",37.685603,-122.402278
38,buena park,california,"7831 El Monte Dr, Buena Park, CA 90620",33.84952,-118.007096
39,burbank,california,"1625 N Valley St, Burbank, CA 91505",34.178134,-118.358256
40,calexico,california,"Kloke Rd & Calexico St, Calexico, CA 92231",32.672845,-115.517495
41,camarillo,california,"1030 Temple Ave, Camarillo, CA 93010",34.229693,-119.0291
42,cameron park,california,"2380 Merrychase Dr, Cameron Park, CA 95682",38.65638,-121.00657
43,camp pendleton,california,"C St & 3rd St, Camp Pendleton North, CA 92055",33.347904,-117.411589
44,campbell,california,"1 W Campbell Ave, Campbell, CA 95008",37.287332,-121.953117
45,canoga park,california,"21816 Lanark St, Canoga Park, CA 91304",34.217277,-118.604778
46,carlsbad,california,"2560 Orion Way, Carlsbad, CA 92010",33.137042,-117.266271
47,carlsbad,california,"6565 Alicante Rd, Carlsbad, CA 92009",33.118257,-117.262654
48,carson,california,"22400 Moneta Ave, Carson, CA 90745",33.824005,-118.280777
49,castro valley,california,"20395 San Miguel Ave, Castro Valley, CA 94546",37.696557,-122.081154
50,castroville,california,"11261 Crane St, Castroville, CA 95012",36.767407,-121.755723
51,cayucos,california,"55 Ocean Front Ave, Cayucos, CA 93430",35.449519,-120.906341
52,ceres,california,"1951 Rose Ave, Ceres, CA 95307",37.600478,-120.945994
53,cerritos,california,"19900 Bloomfield Ave, Cerritos, CA 90703",33.849614,-118.058536
54,chatsworth,california,"9725 Variel Ave, Chatsworth, CA 91311",34.2471972,-118.5932894
55,chico,california,"Humboldt Ave & Flume St, Chico, CA 95928",39.725904,-121.831878
56,chino,california,"5521 Edison Ave, Chino, CA 91708",33.996506,-117.687115
57,chino hills,california,"16339 Fairfield Ranch Rd, Chino Hills, CA 91709",33.956431,-117.679719
58,chula vista,california,"Monarche Dr & Santa Lucia Rd, Chula Vista, CA 91913",32.624864,-116.996259
59,chula vista,california,"1301 Oleander Ave, Chula Vista, CA 91911",32.616352,-117.032124
60,chula vista,california,"840 Duncan Ranch Rd, Chula Vista, CA 91914",32.659414,-116.951851
61,chula vista,california,"1234 N Creekside Dr, Chula Vista, CA 91915",32.643415,-116.946086
62,chula vista,california,"1839 View Park Way, Chula Vista, CA 91913",32.625949,-116.976878
63,chula vista,california,"785 E Palomar St, Chula Vista, CA 91911",32.614867,-117.022761
64,chula vista,california,"1675 Exploration Falls Dr, Chula Vista, CA 91915",32.62282,-116.956051
65,citrus heights,california,"7801 Auburn Blvd, Citrus Heights, CA 95610",38.708094,-121.291146
66,claremont,california,"1717 N Indian Hill Blvd, Claremont, CA 91711",34.114426,-117.720941
67,clearlake,california,"Uhl Ave & Austin Rd, Clearlake, CA 95422",38.959708,-122.646834
68,cloverdale,california,,,
69,clovis,california,"898 Villa Ave, Clovis, CA 93612",36.818971,-119.713895
70,coachella,california,"Shady Ln & Cairo St, Coachella, CA 92236",33.673209,-116.173694
71,compton,california,"291 N Rose Ave, Compton, CA 90220",33.897429,-118.219498
72,concord,california,"Cowell Rd & San Miguel Rd, Concord, CA 94518",37.968114,-122.031622
73,corning,california,"1485 Toomes Ave, Corning, CA 96021",39.921388,-122.191971
74,corona,california,"1001 E 6th St, Corona, CA 92879",33.875132,-117.553639
75,corona,california,"2368 Kellogg Ave, Corona, CA 92881",33.852759,-117.557397
76,corona,california,"Santiago Canyon Rd & Sunflower Ln, Corona, CA 92883",33.743979,-117.463641
77,corona (eastvale),california,"6757 Scholar Way, Corona, CA 92880",33.966289,-117.568088
78,corona (eastvale),california,"5831 Sumner Ave, Corona, CA 92880",33.982273,-117.576433
79,corona (eastvale),california,"6411 Rolling Meadow, St Corona, CA 92880",33.971583,-117.590826
80,coronado,california,"2000 Mullinex Dr, Coronado, CA 92118",32.690432,-117.165478
81,corte madera,california,"28 Pixley Ave, Corte Madera, CA 94925",37.926479,-122.525739
82,costa mesa,california,"850 Arlington Dr, Costa Mesa, CA 92626",33.669629,-117.894328
83,crescent city,california,"5Th St & E St, Crescent City, CA 95531",41.752361,-124.202045
84,cudahy,california,"5240 Santa Ana St, Cudahy, CA 90201",33.958736,-118.174882
85,culver city,california,"9910 Jefferson Blvd, Culver City, CA 90232",34.015498,-118.388085
86,cypress,california,"4554 Avenida, Granada Cypress, CA 90630",33.817444,-118.052914
87,daly city,california,"179 92nd, St Daly City, CA 94015",37.689956,-122.47197
88,davis,california,"1933 F St, Davis, CA 95616",38.559406,-121.746585
89,delano,california,"1347 Cecil Ave, Delano, CA 93215",35.776284,-119.241433
90,delhi,california,"9363 Shanks Rd, Delhi, CA 95315",37.425365,-120.78666
91,desert hot springs,california,"11777 West Dr, Desert Hot Springs, CA 92240",33.962466,-116.510524
92,desert hot springs,california,"59651 Pierson Blvd, Desert Hot Springs, CA 92240",33.96754,-116.620338
93,diamond bar,california,"24142 Sylvan Glen Rd, Diamond Bar, CA 91765",34.029393,-117.793502
94,dixon,california,"Hall Park Dr & E Chestnut, St Dixon, CA 95620",38.441122,-121.818379
95,downey,california,"12410 Bellflower Blvd, Downey, CA 90242",33.919227,-118.124954
96,duarte,california,"2236 Goodall Ave, Duarte, CA 91010",34.122915,-117.994005
97,duarte,california,"1401 Central Ave, Duarte, CA 91010",34.136238,-117.973941
98,dublin,california,"Gleason Dr & Creekview Dr, Dublin, CA 94568",37.711764,-121.876686
99,edwards air force base,california,,,
100,el cajon,california,"500 N 4th St, El Cajon, CA 92019",32.799,-116.918425
101,el cajon,california,"935 Emerald Ave, El Cajon, CA 92020",32.783201,-116.967526
102,el centro,california,"N 6th St & Park Ave, El Centro, CA 92243",32.796249,-115.557697
103,el dorado hills,california,"1021 Harvard Way, El Dorado Hills, CA 95762",38.684474,-121.075611
104,el segundo,california,"405 E Grand Ave, El Segundo, CA 90245",33.919647,-118.412513
105,elk grove,california,"9550 Mainline Dr, Elk Grove, CA 95624",38.401979,-121.341269
106,elk grove,california,"9014 Bruceville Rd, Elk Grove, CA 95758",38.429974,-121.4195
107,elk grove,california,"7407 Shasta Ave, Elk Grove, CA 95758",38.450902,-121.414822
108,elk grove,california,"5540 Bellaterra Dr, Elk Grove, CA 95757",38.399091,-121.436443
109,emeryville,california,"4327 San Pablo Ave, Emeryville, CA 94608",37.833133,-122.281422
110,encinitas,california,"200 Saxony Rd, Encinitas, CA 92024",33.053184,-117.287682
111,encinitas,california,"1511 N Vulcan Ave, Encinitas, CA 92024",33.073859,-117.304588
112,encinitas,california,"425 Santa Fe Dr, Encinitas, CA 92024",33.03393,-117.282667
113,encino,california,"17334 Victory Blvd, Encino, CA 91406",34.186052,-118.511714
114,escondido,california,"Entrance Dr & Casteneda Dr, Escondido, CA 92025",33.077267,-117.059357
115,eureka,california,"1720 10th St, Eureka, CA 95501",40.800071,-124.152597
116,fairfield,california,"1900 Woolner Ave, Fairfield, CA 94533",38.246682,-122.062848
117,fairfield,california,"Twin Peaks Dr & Fairchild Dr, Fairfield, CA 94535",38.278305,-121.950832
118,fillmore,california,"River St & C St, Fillmore, CA 93015",34.392802,-118.927305
119,firebaugh,california,"1777 Thomas Conboy Ave, Firebaugh, CA 93622",36.86863,-120.461765
120,florence,california,"Hooper Ave & E 62nd St, Florence-Graham, CA 90001",33.983102,-118.25253
121,folsom,california,"1775 Creekside Dr, Folsom, CA 95630-3457",38.672745,-121.137732
122,fontana,california,"5553 Lytle Creek Rd, Fontana, CA 92336",34.153562,-117.466002
123,fontana,california,"9520 Juniper Ave, Fontana, CA 92336",34.080821,-117.440489
124,foster city,california,"670 Shell Blvd, Foster City, CA 94404",37.556264,-122.268521
125,frazier park,california,"3801 Park Dr, Frazier Park, CA 93225",34.820404,-118.951836
126,fremont,california,"40500 Paseo Padre Pkwy, Fremont, CA 94538",37.543713,-121.961383
127,fresno,california,"4750 N Fresno St, Fresno, CA 93726",36.804666,-119.780922
128,fresno,california,"425 E Alluvial Ave, Fresno, CA 93720",36.844348,-119.779063
129,fresno,california,"4428 N Marks Ave, Fresno, CA 93705",36.801612,-119.843584
130,fresno,california,"5935 E Shields Ave, Fresno, CA 93727",36.779997,-119.684717
131,fresno,california,"4670 E Butler Ave, Fresno, CA 93702",36.726992,-119.742564
132,fresno,california,"N Orchard St & E Thomas Ave, Fresno, CA 93701",36.752766,-119.775
133,fresno,california,"1980 W North Ave, Fresno, CA 93706",36.694903,-119.835363
134,fresno,california,"N Maple Ave & E Plymouth Way, Fresno, CA 93720",36.878042,-119.747363
135,fullerton,california,"801 W Valencia Dr, Fullerton, CA 92832",33.867974,-117.938405
136,galt,california,"620 Chabolla Ave, Galt, CA 95632",38.250273,-121.298491
137,garden grove,california,"13641 Deodara Dr, Garden Grove, CA 92844",33.763375,-117.966903
138,gardena,california,"W 170th St & S Park Ln, Gardena, CA 90247",33.876336,-118.296167
139,gardena,california,"Haas Ave & 132nd St, Gardena, CA 90249",33.912449,-118.31666
140,gilroy,california,"510 Mantelli Dr, Gilroy, CA 95020",37.022981,-121.585216
141,glendale,california,"1621 Canada Blvd, Glendale, CA 91208",34.16972,-118.230057
142,glendora,california,"160 Wabash N Ave Glendora, CA",34.137617,-117.861174
143,gonzales,california,"Elko St & Fairview Dr, CA 93926",36.506744,-121.439698
144,grass valley,california,"660 Minnie St, Grass Valley, CA 95945",39.216638,-121.074782
145,greenfield,california,"Spark St & 13th St Greenfield, CA 93927",36.311116,-121.257495
146,gridley,california,"Washington St & Spruce St Gridley, CA 95948",39.365911,-121.695085
147,groveland,california,"18818 Main St, Groveland, CA 95321",37.840967,-120.226392
148,grover beach,california,"1750 Ramona Ave, Grover Beach, CA 93433",35.121758,-120.610048
149,hanford,california,"421 Ford St, Hanford, CA 93230",36.328775,-119.651471
150,hawaiian gardens,california,"22008 Clarkdale Ave, Hawaiian Gardens, CA 90716",33.827828,-118.079691
151,hawthorne,california,"12100 Inglewood Ave, Hawthorne, CA 90250",33.922864,-118.360869
152,hayward,california,"28146 Huntwood Ave, Hayward, CA 94544",37.632538,-122.064857
153,hayward,california,"22652 Burbank St, Hayward, CA 94541",37.665857,-122.096466
154,healdsburg,california,"1100 Grove St Healdsburg, CA 95448",38.623071,-122.875407
155,hermosa beach,california,"Ardmore Ave & Pier Ave, Hermosa Beach, CA 90254",33.864465,-118.394733
156,hollister,california,"1221 Memorial Dr, Hollister, CA 95023",36.842654,-121.383934
157,huntington beach,california,"16820 Goldenwest St, Huntington Beach, CA 92647",33.717882,-118.00629
158,huntington beach,california,"7471 Center Ave, Huntington Beach, CA 92647",33.736049,-117.998441
159,idyllwild,california,"26375 CA-243, Idyllwild, CA 92549",33.741134,-116.719391
160,imperial beach,california,"425 Imperial Beach Blvd, Imperial Beach, CA 91932",32.575925,-117.123427
161,indio,california,,,
162,inglewood,california,"3400 W Arbor Vitae St, Inglewood, CA 90305",33.955151,-118.329511
163,inglewood,california,"400 West Beach Ave, Inglewood, CA 90302",33.968745,-118.360432
164,inglewood,california,"700 Warren Ln, Inglewood, CA 90302",33.972775,-118.345362
165,ione,california,"W Plymout Hwy & CA-124, Ione, CA 95640",38.34654,-120.930784
166,irvine,california,"5001 Newport Coast Dr, Irvine, CA 92603",33.631998,-117.832325
167,irvine,california,"Harvard Ave & Poplar St, Irvine CA 92606",33.707262,-117.800547
168,irwindale,california,"5051 N Irwindale Ave, Irwindale, CA 91706",34.104513,-117.934881
169,julian,california,"2949 CA-79, Julian, CA 92036",33.07151,-116.592852
170,king city,california,"San Antonio Dr & Bedford Ave, King City, CA 93930",36.20983,-121.140527
171,la habra,california,"1208 Fahringer Way, La Habra, CA 90631",33.936413,-117.959751
172,la mesa,california,"8881 Dallas St, La Mesa, CA 91942",32.788217,-117.005739
173,la puente,california,"553 4th Ave, La Puente, CA 91746",34.034851,-117.993186
174,la puente,california,"510 Vineland Ave, La Puente, CA  91746",34.051871,-117.986609
175,la quinta,california,"45768 Adams St, La Quinta, CA 92253",33.715751,-116.28582
176,la quinta,california,"78130 Francis Hack Ln, La Quinta, CA 92253",33.671278,-116.302191
177,la verne,california,"D St & Durward Way, CA 91750",34.111247,-117.765606
178,ladera ranch,california,"26283 Sienna Pkwy, Ladera Ranch, CA 92694",33.544812,-117.641109
179,laguna hills,california,"25401 Paseo De Valencia, Laguna Hills, CA 92653",33.59291,-117.70082
180,laguna niguel,california,"Alicia Pkwy & El Lazo, Laguna Niguel, CA 92677",33.557982,-117.717371
181,lake elsinore,california,"McVicker Canyon Park Rd & Grand Ave, Lake Elsinore, CA 92530",33.686976,-117.399834
182,lake elsinore,california,"Palomar St & Silverwood Dr, Lake Elsinore, CA 92530",33.623324,-117.303616
183,lake forest,california,"20028 Lake Forest Dr, Lake Forest, CA 92630",33.670908,-117.660388
184,lakeside,california,"Woodside Ave & Chestnut St, Lakeside, CA 92040",32.857883,-116.919752
185,lathrop,california,"450 Spartan Way, Lathrop, CA 95330",37.825821,-121.300537
186,lathrop,california,"7th St & L St Lathrop, CA 95330",37.82007,-121.2755711
187,lemon grove,california,"School Ln & Central Ave, Lemon Grove, CA 91945",32.739357,-117.029701
188,lemoore,california,"Fox St & E St, Lemoore, CA 93245",36.302881,-119.786465
189,lincoln,california,"2nd St & D St, Lincoln, CA 95648",38.8884,-121.28633
190,livermore,california,"3899 Pacific Ave, Livermore, CA 94550",37.675713,-121.75123
191,lodi,california,"1321 S Ham Ln, Lodi, CA 95242",38.117874,-121.288879
192,lompoc,california,"305 W College Ave, Lompoc, CA 93436",34.64754,-120.460747
193,lone pine,california,"605 S Main St, Lone Pine, CA 93545",36.601715,-118.062267
194,long beach,california,"Cherry Ave & E 2nd St, Long Beach, CA 90802",33.766361,-118.167354
195,long beach,california,"951 Maine Ave, Long Beach, CA 90813",33.77815,-118.200831
196,long beach,california,"2800 Studebaker Rd, Long Beach, CA 90804",33.806744,-118.096994
197,long beach,california,"701 E Harding St, Long Beach, CA 90805",33.867778,-118.184314
198,long beach,california,"E 15th St & Martin Luther King Jr Ave, Long Beach, CA 90813",33.785768,-118.180414
199,long beach,california,"W 14th St & N Pacific Ave, Long Beach, CA 90813",33.78383,-118.193092
200,long beach,california,"Orizaba Ave & E 14Th St, Long Beach, CA 90804",33.78495,-118.157743
201,long beach,california,"1545 W 31st St, Long Beach, CA 90810",33.814362,-118.213654
202,loomis,california,"3690 Taylor Rd, Loomis, CA 95650",38.821147,-121.19475
203,los angeles,california,"214 N Mednik Ave, Los Angeles, CA 90022",34.038342,-118.16083
204,los angeles,california,"227 N Lake St, Los Angeles, CA 90026",34.06937,-118.27068
205,los angeles,california,"3900 Selig Pl, Los Angeles, CA 90031",34.067613,-118.199989
206,los angeles,california,"2939 Marsh St, Los Angeles, CA 90039",34.106579,-118.246618
207,los angeles,california,"11223 Compton Ave, Los Angeles, CA 90059",33.932453,-118.247537
208,los angeles,california,"Nebraska Ave & Stoner Ave, Los Angeles, CA 90025",34.038971,-118.453894
209,los angeles,california,"7000 W Manchester Ave, Los Angeles, CA 90045",33.959151,-118.414554
210,los angeles,california,"5001 Rodeo Rd, Los Angeles, CA 90016",34.024083,-118.349633
211,los angeles,california,"2298 Norfolk St, Los Angeles, CA 90033",34.059615,-118.201982
212,los angeles,california,"4721 Klamath St, Los Angeles, CA 90032",34.076393,-118.182153
213,los angeles,california,"425 E 42nd Pl, Los Angeles, CA 90011",34.007085,-118.267965
214,los angeles,california,"669 S St Louis St, Los Angeles, CA 90023",34.038393,-118.218336
215,los angeles,california,"E 115th St & Croesus Ave, Los Angeles, CA 90059",33.930489,-118.233032
216,los angeles,california,"1550 W 61St St, Los Angeles, CA 90047",33.984172,-118.303562
217,los angeles,california,"670 S Commonwealth Ave, Los Angeles, CA 90057",34.062489,-118.28517
218,los angeles (highland park),california,"551 N Ave 63, Los Angeles, CA 90042",34.119309,-118.180456
219,los angeles (hollywood),california,"11484 Chandler Blvd, Los Angeles, CA 91601",34.167213,-118.382149
220,los angeles (lake view terrace),california,"Dronfield Ave & Osborne St, Los Angeles, CA 91331",34.271058,-118.394789
221,los angeles (panorama city),california,"14740 Blythe St, Los Angeles, CA 91402",34.214989,-118.454641
222,los angeles (sunland-tujunga),california,"Foothill Blvd & Fenwick St, Los Angeles, CA 91040",34.261098,-118.323938
223,los angeles (venice),california,"1500 Ocean Front Walk, Venice, CA 90291",33.98718,-118.475567
224,los angeles (watts),california,"Monitor Ave & E 114th St, Los Angeles, CA 90059",33.931466,-118.239838
225,los angeles (watts),california,"10950 S Central Ave, Los Angeles, CA 90059",33.936078,-118.252305
226,los angeles (wilmington),california,"424 Bay View Ave, Los Angeles, CA 90744",33.774444,-118.269525
227,los osos,california,"2180 Palisades Ave, Los Osos, CA 93402",35.312157,-120.835663
228,loyalton,california,"111 Beckwith Rd, Loyalton, CA 96118",39.681071,-120.249322
229,lynwood,california,"11301 Bullis Rd Lynwood, CA 90262",33.92699,-118.199836
230,madera,california,"3656 N Gateway Dr Madera, CA 93637",36.971355,-120.071215
231,mammoth,california,"1390 Meridian Blvd Mammoth Lakes, CA 93546",37.640398,-118.949073
232,manteca,california,"215 Elm Ave, Manteca, CA 95336",37.80025,-121.224756
233,marina,california,"304 Hillcrest Ave, Marina, CA 93933",36.678436,-121.796428
234,mariposa,california,"4998-County Park Rd, Mariposa, CA 95338",37.482872,-119.965439
235,martinez,california,"243 N Court St, Martinez, CA 94553",38.022352,-122.135523
236,maywood,california,"5515 S Maywood Ave, Maywood, CA 90270",33.992369,-118.203926
237,menlo park,california,"700 Alma St, Menlo Park, CA 94025",37.4522,-122.177357
238,merced,california,"2579 P St, Merced, CA 95340",37.312388,-120.483895
239,mill valley,california,"425 Sycamore Ave, Mill Valley, CA 94941",37.897176,-122.526528
240,millbrae,california,"Poplar Ave & Millbrae Ave, Millbrae, CA 94030",37.596013,-122.391304
241,mission viejo,california,"24190 Olympiad Rd Mission Viejo, CA 92692",33.61162,-117.630017
242,modesto,california,"Sylvan Ave & Forest Glenn Dr, Modesto, CA 95355",37.689489,-120.971288
243,monrovia,california,"843 E Olive Ave, Monrovia, CA 91016",34.14504,-117.987146
244,montclair,california,"5183 Benito St, Montclair, CA 91763",34.073895,-117.692263
245,monte rio,california,"9725 Main St, Monte Rio, CA 95462",38.459773,-123.011236
246,montebello,california,"199 S Taylor Ave, Montebello, CA 90640",34.0087,-118.115986
247,monterey,california,"777 Pearl St, Monterey, CA 93940",36.59851,-121.88529
248,moorpark,california,"500 Poindexter Ave, Moorpark, CA 93021",34.284309,-118.887666
249,moraga,california,"745 Moraga Rd, Moraga, CA 94556",37.849099,-122.108345
250,moreno valley,california,"W St & 6th St, Moreno Valley, CA 92551",33.897245,-117.247311
251,morgan hill,california,"171 E Edmundson Ave, Morgan Hill, CA 95037",37.113782,-121.646842
252,morro bay,california,"231 Atascadero Rd, Morro Bay, CA 93442",35.380398,-120.857282
253,mount shasta,california,"800 Rockfellow Dr, Mt Shasta, CA 96067",41.322015,-122.299123
254,mountain view,california,"2057 Crisanto Ave, Mountain View, CA 94040",37.402418,-122.09722
255,murrieta,california,"24443 Lincoln Ave, Murrieta, CA 925623",33.573426,-117.200494
256,napa,california,"1200 West St, Napa, CA 94558",38.301822,-122.285557
257,napa,california,"2399 Streblow Dr, Napa, CA 94558",38.261905,-122.284382
258,needles,california,"1183 Filip Mendez Pkwy, Needles, CA 92363",34.836561,-114.613714
259,norwalk,california,"12200 Sproul St, Norwalk, CA 90650",33.908761,-118.071131
260,novato,california,"1200 N Hamilton Pkwy, Novato, CA 94949",38.061429,-122.528353
261,oakhurst,california,"49547 High School Rd, Oakhurst, CA 93644",37.331176,-119.645211
262,oakland,california,"1822 9th St, Oakland, CA 94607",37.810842,-122.303313
263,oakland,california,"1269 18th St, Oakland, CA 94607",37.812776,-122.287484
264,oakland,california,"8751 Macarthur Blvd Oakland, CA 94605",37.757472,-122.162279
265,oceanside,california,"Alex Rd & Foussat Rd, Oceanside, CA 92058",33.221691,-117.345065
266,oceanside,california,"5336 Leon St, Oceanside, CA 92057",33.257319,-117.290431
267,oceanside,california,"4125 Lewis St, Oceanside, CA 92056",33.195456,-117.286183
268,oceanside,california,"504 Calle Montecito, Oceanside, CA 92057",33.249946,-117.309348
269,oceanside,california,"4300 Mesa Dr Oceanside, CA 92057",33.216797,-117.304472
270,ojai,california,"508 E Ojai Ave, Ojai, CA 93023",34.448503,-119.241264
271,orange,california,"20 City Blvd W, Orange, CA 92861",33.784163,-117.892066
272,orange cove,california,"25899 Parlier Ave, Orange Cove, CA 93646",36.610793,-119.32347
273,oroville,california,"1100 Feather River Blvd, Oroville, CA 95965",39.511092,-121.56887
274,oxnard,california,"3311 S Rose Ave, Oxnard, CA 93033",34.169176,-119.159535
275,pacifica,california,"540 Crespi Dr, Pacifica, CA 94044",37.59826,-122.500192
276,pacifica,california,"5440 Pacific Coast Hwy, Pacifica, CA 94044",37.595276,-122.506521
277,pacoima,california,"10760 Laurel Canyon Blvd, Pacoima, CA 91331",34.266877,-118.438342
278,pala,california,"12196 Pala Mission Rd, Pala, CA 92059",33.365386,-117.070862
279,palm desert,california,"43930 San Pablo Ave, Palm Desert, CA 92260",33.732026,-116.382133
280,palm springs,california,"499 S Pavilion Way, Palm Springs, CA 92262","33.816369, ",-116.524004
281,palmdale,california,"37716 55th St, Palmdale, CA 93552",34.570195,-118.03056
282,palmdale,california,"39700 30th St W, Palmdale, CA 93551",34.602644,-118.182532
283,palo alto,california,"2860 W Bayshore Rd, Palo Alto, CA 94303",37.44083,-122.116468
284,paramount,california,"7700 Somerset Ave, Paramount, CA 90723",33.896093,-118.164963
285,pasadena,california,"1400 N Fair Oaks Ave, Pasadena, CA 91101",34.169945,-118.150052
286,patterson,california,"1033 W Las Palmas Ave, Patterson, CA 95363",37.466946,-121.14151
287,perris,california,"333 Placentia Ave, Perris, CA 92571",33.822545,-117.220526
288,petaluma,california,"900 E Washington St, Petaluma, CA 94952",38.243603,-122.629552
289,pico rivera,california,"9100 Mines Ave, Pico Rivera, CA 90660",33.990066,-118.088361
290,piedmont,california,"Moraga Ave & Red Rock Rd, Piedmont, CA 94618",37.832402,-122.230441
291,placerville,california,"216 Armory Rd, Placerville, CA 95667",38.725964,-120.833339
292,pleasanton,california,"3099 Hopyard Rd, Pleasanton, CA 94588",37.677522,-121.898191
293,pleasanton,california,"7315 Johnson Dr, Pleasanton, CA 94566",37.689092,-121.913543
294,pomona,california,"E Lexington & White Ave, Pomona, CA 91766",34.035796,-117.757449
295,pomona,california,"435 W Arrow Hwy, Pomona, CA 91767",34.091094,-117.74329
296,porterville,california,"718 N Newcomb St, Porterville, CA 93257",36.078338,-119.052406
297,poway,california,"13102 Civic Center Dr, Poway, CA 92064",32.955032,-117.047096
298,quincy,california,"1304 Pioneer Rd Quincy, CA 95971",39.936742,-120.9139316
299,rancho cordova,california,"3755 Schriever Ave, Rancho Cordova, CA 95655",38.57025,-121.301343
300,rancho cucamonga,california,"7730 Spruce Ave, Rancho Cucamonga, CA 91730",34.112918,-117.568024
301,rancho santa margarita,california,"24328 Antonio Pkwy, Rancho Santa Margarita, CA 92688",33.609202,-117.615422
302,red bluff,california,"700 Diamond Ave, Red Bluff, CA 96080",40.161055,-122.224365
303,redding,california,"12 Quartz Hill Rd, Redding, CA 96003",40.595494,-122.393167
304,redwood city,california,"Vera Ave & Nevada St, Redwood City, CA 94061",37.471865,-122.238056
305,rialto,california,"2474 W Casa Grande Dr, Rialto, CA 92377",34.158138,-117.42061
306,rialto,california,"201 N Willow Ave, Rialto, CA 92376",34.102059,-117.374024
307,richmond,california,"2990 Macdonald Ave, Richmond, CA 94804",37.934209,-122.34083
308,ridgecrest,california,"300 French Ave, Ridgecrest, CA 93555",35.630335,-117.663417
309,rio vista,california,"Industrial Ct & Poppy House Rd, Rio Vista, CA 94571",38.169669,-121.688226
310,ripon,california,"1350 Hughes Ln, Ripon, CA 95366",37.741839,-121.137266
311,riverbank,california,"1St St & Santa Fe Ave, Riverbank, CA 95367",37.735712,-120.939308
312,riverside,california,"2051 11th St, Riverside, CA",33.973026,-117.355529
313,riverside,california,"4015 Jackson St, Riverside, CA 92503",33.928436,-117.440986
314,riverside (jurupa),california,"4810 Pedley Rd, Riverside, CA 92509",34.001379,-117.474777
315,rocklin,california,"Farron St & C St Rocklin, CA 95677",38.791405,-121.24446
316,roseville,california,"Maidu Dr & Rocky Ridge Dr, Roseville, CA 95661",38.733687,-121.252331
317,sacramento,california,"28Th St & B St, Sacramento, CA 95816",38.582629,-121.464728
318,sacramento,california,"393 Silver Eagle Rd, Sacramento, CA 95838",38.630465,-121.457727
319,sacramento,california,"625 Bell Ave, Sacramento, CA 95838",38.647963,-121.450384
320,sacramento,california,"7420 Vandenberg Dr, Sacramento, CA 95820",38.527343,-121.417212
321,sacramento,california,"5200 Kankakee Dr, Sacramento, CA 95835",38.668591,-121.526186
322,sacramento,california,"2415 Evergreen St, Sacramento, CA 95815",38.6099,-121.444261
323,sacramento,california,"8200 Ramona Ave, Sacramento, CA 95814",38.540571,-121.403861
324,sacramento,california,"3085 33rd St, Sacramento, CA 95817",38.546938,-121.470916
325,sacramento,california,"Bilsted Way & Tanzanite Ave, Sacramento, CA 95834",38.632295,-121.512135
326,sacramento,california,"7851 35th Ave, Sacramento, CA 95824",38.521936,-121.41226
327,sacramento,california,"6000 61st St, Sacramento, CA 95824",38.517613,-121.434363
328,sacramento,california,"2936 W River Dr, Sacramento, CA 95833",38.611413,-121.525463
329,sacramento,california,"5500 Honor Pkwy Sacramento, CA 95835",38.674818,-121.501871
330,sacramento,california,"6135 Gloria Dr, Sacramento, CA 95831",38.513704,-121.518049
331,salinas,california,"704 Las Casitas Dr Salinas, CA 93906",36.69715,-121.612416
332,san bernardino,california,"3225 Roberds Ave N, San Bernardino, CA 92405",34.150431,-117.317351
333,san bernardino,california,"26201 Pacific St, San Bernardino, CA 92404",34.128188,-117.233841
334,san clemente,california,"241 Avenida La Pata, San Clemente, CA 92673",33.445399,-117.584681
335,san diego,california,"3401 Clairemont Dr, San Diego, CA 92117",32.805038,-117.19905
336,san diego,california,"4580 Shields St, San Diego, CA 92124",32.817464,-117.110163
337,san diego,california,"12778 El Camino Real, Carmel Valley, San Diego, CA 92130",32.947959,-117.237424
338,san diego,california,"2211 Pacific Beach Dr, San Diego, CA 92109",32.796619,-117.22311
339,san diego,california,"6845 University Ave, San Diego, CA 92115",32.7545327,-117.0497566
340,san diego,california,"702 S 30th St, San Diego, CA 92113",32.698173,-117.129767
341,san diego,california,"Carmel Mountain Rd & Freedport Rd, San Diego, CA 92129",32.960436,-117.109771
342,san diego,california,"W Washington St & Frontage Rd, San Diego, CA 92101",32.740782,-117.184469
343,san diego,california,"Sunset Cliffs Blvd & Ocean Beach Fwy, San Diego, CA 92107",32.755907,-117.236083
344,san diego (paradise hills),california,"6860 Potomac St, San Diego, CA 92139",32.687684,-117.049452
345,san dimas,california,"W Commercial St & S Cataract Ave, San Dimas, CA 91773",34.105502,-117.811996
346,san francisco,california,"San Jose Ave & Ocean Ave, San Francisco, CA 94112",37.723182,-122.444987
347,san francisco,california,"1669 Geneva Ave, San Francisco, CA 94134",37.713474,-122.427639
348,san francisco,california,Locals Only,,
349,san francisco,california,"1361 Potrero Ave, San Francisco, CA 94110",37.750339,-122.405233
350,san francisco,california,"1712 Duboce Ave, San Francisco, CA 94103",37.77012,-122.42151
351,san francisco,california,"1979 Illinois St, San Francisco, CA 94124",37.746331,-122.38629
352,san jose,california,"5235 Snow Dr, San Jose, CA 95111",37.267353,-121.805911
353,san jose,california,"Park Rd, San Jose, CA 95148",37.336014,-121.80331
354,san jose,california,"2035 Kammerer Ave, San Jose Ca95116",37.35113,-121.844325
355,san jose,california,"168 N King Rd, San Jose, CA 95116",37.35672,-121.858822
356,san jose,california,"70 N 20th St, San Jose, CA 95116",37.345961,-121.873082
357,san jose,california,"2633 Gassmann Dr, San Jose, CA 95121",37.308676,-121.839035
358,san leandro,california,"801 W Estudio Ave, San Leandro, CA 94577",37.72165,-122.163997
359,san leandro,california,"E 14th St & 163rd Ave, San Leandro, CA 94578",37.695982,-122.115818
360,san lorenzo,california,"Nielson Ave & Devonwood Way, San Lorenzo, CA 94580",37.678299,-122.139137
361,san luis obispo,california,"Montalban St & Oak St, San Luis Obispo, CA 93405",35.290036,-120.664078
362,san marcos,california,"20 Mission Hills Ct, San Marcos, CA 92069",33.145981,-117.144672
363,san mateo,california,"950 Ocean View, San Mateo, CA 94401",37.568788,-122.303272
364,san mateo,california,"588 28th Ave, San Mateo, CA 94403",37.537381,-122.314827
365,san pedro,california,"610 W Channel St, San Pedro, CA 90731",33.75415,-118.290909
366,san pedro,california,"29650 N Western Ave, San Pedro, CA 90732",33.748643,-118.308954
367,san rafael,california,"285 Smith Ranch Rd, San Rafael, CA 94903",38.022836,-122.522825
368,sanger,california,"Recreation Ave & 7th St, Sanger, CA 93657",36.707933,-119.547376
369,santa ana,california,"3000 W Edinger Ave, Santa Ana, CA 92704",33.725634,-117.907648
370,santa barbara,california,"138 E Cabrillo Blvd, Santa Barbara, CA 93101",34.413343,-119.687369
371,santa clara,california,"2410 Cabrillo Ave, Santa Clara, CA 95051",37.35882,-121.969439
372,santa clarita,california,"20850 Centre Pointe Pkwy, Santa Clarita, CA 91350",34.413002,-118.498924
373,santa cruz,california,"506 Woodland Way, Santa Cruz, CA 95608",36.953901,-122.052373
374,santa cruz,california,"225 San Lorenzo, Blvd Santa Cruz, CA 95060",36.968729,-122.020536
375,santa cruz,california,"1435 Jose Avenue, Santa Cruz, CA 95062",36.976179,-121.99077
376,santa maria,california,"2200 S College Dr, Santa Maria, CA 93455",34.92067,-120.424374
377,santa maria,california,"3400 Skyway Dr, Santa Maria, CA 93455",34.899237,-120.44234
378,santa maria,california,"250 Town Center E, Santa Maria, CA 93454",34.9521208,-120.4334876
379,santa monica,california,"1433 Olympic Blvd, Santa Monica, CA 90404",34.02051,-118.4803
380,santa monica,california,"1633 Purdue Ave, Los Angeles, CA 90025",34.045458,-118.449859
381,santa paula,california,"118 S 10th St, Santa Paula, CA 93060",34.35283,-119.059852
382,santa rosa,california,"1500 Fulton Rd, Santa Rosa, CA 95403",38.460731,-122.770241
383,santee,california,"10250 Woodglen Vista Dr, Santee, CA 92071",32.866676,-116.974298
384,scotts valley,california,"361 Kings Village Rd, Scotts Valley 95066",37.050365,-122.030479
385,sebastopol,california,"6767 Laguna Park Way, Sebastopol, CA 95472",38.405543,-122.821098
386,selma,california,"1811 Whitson St, Selma, CA 93662",36.565295,-119.613014
387,shafter,california,"698 E Ash Ave, Shafter, CA 93263",35.49647,-119.269875
388,shasta lake,california,"4671 Front St, Shasta Lake 96019",40.681271,-122.362373
389,simi valley,california,4226 Valley Fair St Simi Valley 93063,34.2722256,-118.7127512
390,soda springs (tahoe),california,"19749 Boreal Ridge Rd, Soda Springs 95728",39.3376898,-120.3497574
391,soledad,california,"Andalucia Dr & Ticino St, Soledad, CA 93960",36.429308,-121.323263
392,solvang,california,"501 Chalk Hill, Rd Solvang, CA 93463",34.6005,-120.142376
393,sonoma,california,"Main St & Verano Ave, Sonoma, CA 95476",38.302087,-122.476223
394,sonora,california,"330 Greenley Rd, Sonora, CA 95370",37.983448,-120.36777
395,south gate,california,"9520 Hildreth Ave, South Gate, CA 90280",33.946954,-118.185999
396,south lake tahoe,california,"1201 Al Tahoe Blvd, South Lake Tahoe, CA 96150",38.930512,-119.968042
397,south lake tahoe,california,"867 Eloise Ave, South Lake Tahoe, CA 96150",38.918302,-120.007833
398,south pasadena,california,"660 Stoney Dr, South Pasadena, CA 91030",34.1177119,-118.1664454
399,st. helena,california,"360 Crane Ave, Saint Helena, CA 94574",38.493762,-122.464616
400,stockton,california,"6137 N El Dorado, St Stockton, CA 95207",38.0093,-121.309345
401,sun valley,california,"Sheldon St & Remick Ave, Sun Valley, CA 91352",34.231307,-118.405793
402,sun valley,california,"9457 San Fernando Rd, Sun Valley, CA 91352",34.241173,-118.396853
403,sunnyvale,california,"540 N Fair Oaks Ave, Sunnyvale, CA 94085",37.384342,-122.014598
404,taft,california,"203 S 10th St Taft, CA 93268",35.144214,-119.465827
405,tehachapi,california,"28400 Stallion Springs Dr, Tehachapi, CA 93561",35.080911,-118.63532
406,tehachapi,california,"490 W D St, Tehachapi, CA 93561",35.12949,-118.454699
407,temecula,california,"42569 Margarita Rd, Temecula, CA 92592",33.498957,-117.121142
408,templeton,california,"S Main St & 6th St Templeton, CA 93465",35.54784,-120.705679
409,thousand oaks (newbury park),california,"190 N Reino Rd, Thousand Oaks, CA 91320",34.179397,-118.952006
410,tracy,california,"2399 Parker Ave, Tracy, CA 95376",37.756187,-121.430022
411,truckee,california,"10695 Brockway Rd, Truckee, CA 96161",39.32647,-120.172647
412,tulare,california,"85 W Tulare Ave, Tulare, CA 93274",36.207158,-119.348756
413,twentynine palms,california,"74362 Joe Davis Dr, Twentynine Palms, CA 92277",34.147283,-116.039459
414,ukiah,california,"1041 Low Gap Rd, Ukiah, CA 95482",39.161685,-123.224364
415,union city,california,"34009 Alvarado-Niles Rd, Union City, CA 94587",37.586624,-122.026158
416,upland,california,"1285 San Bernardino Rd, Upland, CA 91786",34.103441,-117.634282
417,vacaville,california,"1104 Alamo Dr, Vacaville, CA 95687",38.341076,-121.993237
418,vallejo,california,"1805 Ascot Pkwy, Vallejo, CA 94591",38.118641,-122.204671
419,valley center,california,"28246 Lilac Road, Valley Center, CA 92082",33.218686,-117.0393
420,vandenberg afb,california,"Montana Ave & Summerhill Ave, Vandenberg AFB, CA 93437",34.750969,-120.531855
421,ventura,california,"17 Cambria Ave, Ventura, CA 93004",34.283214,-119.180083
422,ventura,california,"Dean Dr & Chapel Dr, Ventura, CA 93003",34.268131,-119.244064
423,ventura,california,"450 W Harrison Ave, Ventura, CA 93001",34.285736,-119.305371
424,visalia,california,"345 N Jacob St, Visalia, CA 93291",36.332654,-119.303473
425,vista,california,"1074 La Mirada Ct, Vista, CA 92081",33.1526762,-117.225984
426,walnut creek,california,"1747 Heather Dr, Walnut Creek, CA 94598",37.916954,-122.041644
427,wasco,california,"679 Parkside Dr, Wasco, CA 93280",35.594838,-119.356139
428,watsonville,california,"30 Harkins Slough Rd, Watsonville, CA 95076",36.914273,-121.771916
429,weed,california,"1299 Railroad Ave, Weed, CA 96094",41.438451,-122.386462
430,west covina,california,"1615 W Merced Ave, West Covina, CA 91790",34.06378,-117.947986
431,westlake village,california,"31107 Thousand Oaks Blvd, Westlake Village, CA 91362",34.15968,-118.79885
432,westminster,california,"13900 Monroe St, Westminster, CA 92683",33.760495,-117.985184
433,whittier,california,"7610 Washington Ave, Whittier, CA 90602",33.973293,-118.033603
434,willits,california,"1022 E Commercial St, Willits, CA 95490",39.413194,-123.341439
435,windsor,california,"9640 Brooks Rd S, Windsor, CA 95492",38.55923,-122.807092
436,yreka,california,"W Miner St & S West St, Yreka, CA 96097",41.733039,-122.643725
437,yuba city,california,"810 Gray Ave, Yuba City, CA 95991",39.137799,-121.632407
438,yuba city,california,"1179 Eager Rd, Yuba City, CA 95953",39.19044,-121.63283
439,yucaipa,california,"11937 13th St, Yucaipa, CA 92399",34.035019,-117.092452
440,yucca valley,california,"Antelope Trail & Dumosa Ave, Yucca Valley, CA 92284",34.12558,-116.419153
441,adams,oregon,"Morrison St & Commercial St, Adams, OR 97810",45.768477,-118.564034
442,albany,oregon,"1225 SE 6th Ave, Albany, OR 97321",44.635324,-123.088651
443,ashland,oregon,"280 Water St, Ashland, OR 97520",42.201712,-122.712903
444,astoria,oregon,"Florence Ave & S Denver Ave, Astoria, OR 97103",46.178724,-123.851457
445,athena,oregon,"1621 S 1st St, Athena, OR 97813",45.811466,-118.493834
446,aumsville,oregon,"1115 Main St, Aumsville, OR 97325",44.840326,-122.878089
447,baker city,oregon,"500 Baker St, Baker City, OR 97814",44.779591,-117.812227
448,bay city,oregon,"4th St & A St, Bay City, OR 97107",45.525451,-123.891427
449,beaverton,oregon,"13440 SW Berthold Ave, Beaverton, OR 97005",45.479838,-122.81544
450,beaverton,oregon,"NW Schlottman Pl, Beaverton, OR 97006",45.5239491,-122.8370892
451,bend,oregon,"292 SE 15th St, Bend, OR 97702",44.048061,-121.285937
452,bend,oregon,"1398 SE Wilson Ave, Bend, OR 97702",44.044592,-121.285216
453,boardman,oregon,"198 3rd St NE, Boardman, OR 97818",45.840529,-119.690045
454,brookings,oregon,"883 3rd St, Brookings, OR 97415",42.062397,-124.293535
455,burns,oregon,"160 Circle D N, Burns, OR 97738",43.562652,-119.082706
456,canby,oregon,"1175 NW 3rd Ave, Canby, OR 97013",45.259306,-122.706671
457,cannon beach,oregon,"Spruce St & W 2nd St, Cannon Beach, OR 97110",45.898502,-123.958596
458,cave junction,oregon,"241 S Junction Ave, Cave Junction, OR 97523",42.164336,-123.643442
459,central point,oregon,"441 S 4th St, Central Point, OR 97502",42.371769,-122.910399
460,clackamas,oregon,"8921 SE Jannsen Rd, Clackamas, OR 97015",45.414593,-122.571365
461,clatskanie,oregon,"610 NE 5th St, Clatskanie, OR 97016",46.103829,-123.19846
462,coos bay,oregon,"N 8Th St & Commercial Ave, Coos Bay, OR 97420",43.36915,-124.220355
463,corbett,oregon,"35800 Historic Columbia River Hwy, Corbett, OR 97019",45.529647,-122.293766
464,corvallis,oregon,"SW 2nd St & Sw B Ave, Corvallis, OR 97333",44.557661,-123.262958
465,cottage grove,oregon,"714 S Goshen-Divide Hwy, Cottage Grove, OR 97424",43.790667,-123.063601
466,dallas,oregon,"1005 SE Lacreole Dr, Dallas, OR 97338",44.919777,-123.300094
467,donald,oregon,"Donald Rd NE & Matthieu St NE, Donald, OR 97020",45.22243,-122.83779
468,echo,oregon,"99 Bridge St, Echo, OR 97826",45.741874,-119.197311
469,enterprise,oregon,"699 E 4th St, Enterprise, OR 97828",45.42037,-117.273108
470,estacada,oregon,"747 NW Wade St, Estacada, OR 97828",45.295661,-122.338197
471,eugene,oregon,"Amazon Pkwy & E 29th Ave, Eugene, OR 97405",44.026213,-123.082632
472,eugene,oregon,"Jeffrey Way & Haviture Way, Eugene, OR 97402",44.080121,-123.199524
473,eugene,oregon,"2700 Gilham Rd, Eugene, OR 97408",44.092352,-123.080513
474,eugene,oregon,"1973 Bailey Hill Rd, Eugene, OR 97405",44.037317,-123.151806
475,eugene,oregon,"1400 Lake Dr, Eugene, OR 97404",44.086038,-123.137591
476,eugene,oregon,"2771 Edison St, Eugene, OR 97402",44.068377,-123.138251
477,eugene,oregon,"159 Jefferson St, Eugene, OR 97402",44.058032,-123.101299
478,florence,oregon,"1601 18th St, Florence, OR 97439",43.982868,-124.104835
479,forest grove,oregon,"2807 Main St, Forest Grove, OR 97116",45.529175,-123.111388
480,gold beach,oregon,"29759 Ellensburg Ave, Gold Beach, OR 97444",42.415121,-124.420368
481,gold hill,oregon,"14745 Sams Valley Hwy, Gold Hill, OR 97525",42.435949,-123.04305
482,grants pass,oregon,"594 SE Mill St, Grants Pass, OR 97526",42.431274,-123.320277
483,gresham,oregon,"1 SE Roberts Ave, Gresham, OR 97080",45.497315,-122.429262
484,gresham,oregon,"311 NE 194th Ave, Gresham, OR 97230",45.525106,-122.462491
485,happy valley,oregon,"13664 SE Ridgecrest Rd, Happy Valley, OR 97086",45.453864,-122.52251
486,harrisburg,oregon,"530 Smith St, Harrisburg, OR 97446",44.272027,-123.167152
487,hermiston,oregon,"683 S 1st St, Hermiston, OR 97838",45.83758,-119.290938
488,hillsboro,oregon,"1781 SW Cornelius Pass Rd, Hillsboro, OR 97123",45.507668,-122.90256
489,hood river,oregon,"Wasco Ave & N 20th St, Hood River, OR 97031",45.710988,-121.532782
490,hubbard,oregon,"4170 5th st, Hubbard, OR 97032",45.187839,-122.803553
491,irrigon,oregon,"601 N Main Ave, Irrigon, OR 97844",45.895909,-119.493172
492,jacksonville,oregon,"241 W D St, Jacksonville, OR 97530",42.316112,-122.970402
493,john day,oregon,"381 NE 7th Ave, John Day, OR 97845",44.421625,-118.947964
494,junction city,oregon,"1498 Laurel St, Junction City, OR 97448",44.226518,-123.207919
495,keizer,oregon,"4925 Rickman Rd NE, Keizer Or, 97303",44.995206,-123.019227
496,klamath falls,oregon,"4500 Foothills Blvd, Klamath Falls, OR 97603",42.222709,-121.731926
497,la grande,oregon,"499 Palmer Ave, La Grande, OR 97850",45.334781,-118.102434
498,lincoln city,oregon,"NE Devil's Point Dr, Lincoln City, OR 97367",44.982452,-124.003789
499,madras,oregon,"SW H St & SW Marshall St, Madras, OR 97741",44.627368,-121.138084
500,mcminnville,oregon,"1650 SE Brooks St, Mcminnville, OR 97128",45.206654,-123.177376
501,medford,oregon,"646 Highland Dr, Medford, OR 97504",42.319622,-122.850566
502,milton freewater,oregon,"870 Robbins St, Milton-Freewater, OR 97862",45.944513,-118.396564
503,molalla,oregon,"221 Kennel St, Molalla, OR 97038",45.149444,-122.578543
504,monmouth (independence),oregon,"1500 Monmouth Independence Hwy, Monmouth, OR 97361",44.851445,-123.218334
505,myrtle creek,oregon,"182 NE Rice St, Myrtle Creek, OR 97457",43.029698,-123.284559
506,myrtle point,oregon,"120 Ash St, Myrtle Point, OR 97458",43.065957,-124.145024
507,nehalem,oregon,"12928 B St, Nehalem, OR 97131",45.718878,-123.895405
508,newberg,oregon,"1201 S Blaine St, Newberg ,Or 97132",45.290026,-122.977047
509,newport,oregon,"691 NW High St, Newport, OR 97365",44.641414,-124.059548
510,ontario,oregon,"399 SW 7th St, Ontario, OR 97914",44.024823,-116.973184
511,oregon city,oregon,"1955 Clackamette Dr, Oregon City, OR 97045",45.371017,-122.601888
512,pendleton,oregon,"OR-37 & Westgate, Pendleton, OR 97801",45.672328,-118.811457
513,philomath,oregon,"227 S 23Rd St, Philomath, OR 97370",44.537986,-123.35177
514,port orford,oregon,"Lakeshore Dr & Hamlet Pl, Port Orford, OR 97465",42.751066,-124.502408
515,portland,oregon,"5200 NE Alberta St, Portland, OR",45.558786,-122.608314
516,portland,oregon,"1425 SE 20th Ave, Portland, OR 97214",45.5124137,-122.6457875
517,portland,oregon,"30 NE 2nd Ave, Portland, OR 97232",45.523127,-122.663455
518,portland,oregon,"3601 SE 102nd Ave, Portland, OR 97204",45.495643,-122.559498
519,portland,oregon,"6998 SW 45th Ave, Portland, OR 97219",45.47429,-122.721314
520,portland,oregon,"2831 NE 82nd Ave, Portland, OR 97220",45.542917,-122.579942
521,portland,oregon,"10819 SW Capitol Hwy, Portland, OR 97219",45.447034,-122.725876
522,portland,oregon,"9001 N Bruce Ave, Portland, OR 97203",45.603134,-122.760509
523,portland (tigard),oregon,"13125 SE Hall Blvd, Portland, OR 97223",45.425715,-122.766208
524,prineville,oregon,"440 NE Juniper St, Prineville, OR 97754",44.304452,-120.83578
525,rainier,oregon,"215 W A St, Rainier, OR 97048",46.092227,-122.942091
526,redmond,oregon,"293 SW 15th St, Redmond, OR 97756",44.276186,-121.184693
527,reedsport,oregon,"2099 Elm Ave, Reedsport, Oregon 97467",43.695073,-124.121044
528,roseburg,oregon,"Duck Pond St, Roseburg, OR 97471",43.227318,-123.37019
529,salem,oregon,"220 Union St NE, Salem, OR 97301",44.945983,-123.038772
530,sandy,oregon,"17161 SE Meinig Ave, Sandy, OR 97055",45.399378,-122.260142
531,scappoose,oregon,"52493 SE 2nd St, Scappoose, OR 97056",45.75738,-122.877324
532,seaside,oregon,"1147 Broadway St, Seaside, OR 97138",45.993482,-123.917218
533,sheridan,oregon,"599 NE Yamhill St, Sheridan, OR 97378",45.099952,-123.389059
534,siletz,oregon,"484 SW Swan Ave, Siletz, OR 97380",44.720566,-123.920399
535,silverton,oregon,"740 W Main St, Silverton, OR 97381",44.999044,-122.793376
536,sisters,oregon,"Mckenzie Hwy & Mckinney Butte Rd, Sisters, OR 97759",44.2958,-121.57959
537,springfield,oregon,"1276 G St, Springfield, OR 97477",44.05346,-123.006058
538,st. helens,oregon,"405 S 18th St, St Helens, OR 97051",45.853667,-122.815285
539,sweet home,oregon,"1920 Long St, Sweet Home Or 97386",44.398373,-122.720632
540,talent,oregon,"109 John St, Talent, OR 97540",42.243586,-122.788653
541,the dalles,oregon,"602 W 2nd St, The Dalles, OR 97058",45.605396,-121.191834
542,toledo,oregon,"801 NW A St, Toledo, OR 97391",44.625398,-123.939714
543,tualatin,oregon,"8515 SW Tualatin Rd, Tualatin, OR 97062",45.38603,-122.763875
544,veneta,oregon,"88090 Territorial Hwy, Veneta, OR 97487",44.048451,-123.351908
545,waldport,oregon,"1551 S Crestline Dr, Waldport, OR 97394",44.417652,-124.06489
546,west linn,oregon,"3999 Fairview Way, West Linn, OR 97068",45.393513,-122.641857
547,west linn,oregon,"3799 Wild Rose Dr, West Linn, OR 97068",45.364186,-122.6407
548,white city,oregon,"7800 Division Rd, White City, OR 97503",42.429928,-122.84632
549,willamina,oregon,"410 NE 3rd St, Willamina, OR 97396",45.082214,-123.482619
550,wilsonville,oregon,"8100 SW Wilsonville Rd, Wilsonville, OR 97070",45.298637,-122.76012
551,winston,oregon,"245 Thompson Ave, Winston, OR 97496",43.115047,-123.411853
552,woodburn,oregon,"480 S Settlemier Ave, Woodburn, OR 97071",45.140346,-122.86183
553,aberdeen,washington,"S Dewey St & E Perry St, Aberdeen, WA 98520",46.966905,-123.791699
554,airway heights,washington,"745 S Lawson St, Airway Heights, WA 99001",47.648024,-117.588225
555,anacortes,washington,"R Ave & 23rd St Anacortes, WA 98221",48.503327,-122.608992
556,arlington,washington,"6000 188th St NE, Arlington, WA 98223",48.166227,-122.150585
557,auburn,washington,"839 28th St NE, Auburn, WA 98002",47.33213,-122.216373
558,auburn,washington,"69th St SE & Lakeland Hills Way, Auburn, WA 98092",47.246077,-122.210852
559,auburn,washington,"17201 SE 392nd St , Auburn, WA 98092",47.249853,-122.11276
560,bainbridge island,washington,"7666 High School Rd NE, Bainbridge Island, WA 98110",47.638274,-122.54918
561,battle ground,washington,"912 E Main St, Battle Ground, WA 98604",45.781774,-122.528202
562,bellevue,washington,"14224 Bel-Red Rd, Bellevue, WA 98007",47.6255526,-122.1507019
563,bellevue,washington,"16000 NE 10th St, Bellevue, WA 98008",47.619132,-122.126274
564,bellevue,washington,"14230 NE 20th Pl, Bellevue, WA 98007",47.626485,-122.15113
565,bellevue,washington,"5000 Village Park Dr SE, Bellevue, WA 98006",47.55729,-122.111902
566,bellingham,washington,"1340 Puget St, Bellingham, WA 98229",48.746869,-122.455179
567,bingen,washington,"413 W Humboldt St, Bingen, WA 98605",45.7169518,-121.4703292
568,black diamond,washington,"25263 Park St, Black Diamond, WA 98010",47.311667,-122.005236
569,blaine,washington,"635 4th St, Blaine, WA 98230",48.99469,-122.748406
570,bonney lake,washington," 7250 W Tapps Hwy E, Bonney Lake, WA 98391",47.190347,-122.166269
571,bremerton,washington,"1950 Homer Jones Dr, Bremerton, WA 98310",47.578601,-122.621326
572,bremerton,washington,"C Lot, Bremerton, WA 98337",47.561815,-122.642272
573,brier,washington,"228th St SW & 25th Ave W, Lynnwood, WA 98036",47.792425,-122.26721
574,buckley,washington,"251 River Ave, Buckley, WA 98321",47.160784,-122.031797
575,burien,washington,"14501 4th Ave SW, Burien, WA 98166",47.472715,-122.339582
576,burlington,washington,"871 S Section St, Burlington, WA 98233",48.46798,-122.314815
577,camas,washington,"2902 NE 3rd Ave, Camas, WA 98607",45.588061,-122.37525
578,carnation,washington,"3851 Tolt Ave, Carnation, WA 98014",47.643239,-121.913586
579,castle rock,washington,"Dike Rd & 3rd Ave SW, Castle Rock, WA 98611",46.267661,-122.912473
580,centralia,washington,"Lowe St, Centralia, WA 98531",46.724927,-122.971256
581,chelan,washington,"500 W Manson Hwy, Chelan, WA 98816",47.844322,-120.025013
582,chewelah,washington,"301 E Webster Ave, Chewelah, WA 99109",48.27802,-117.713847
583,clarkston,washington,"1020 2nd St, Clarkston, WA 99403",46.410376,-117.03986
584,cle elum,washington,"609 Stuart View Dr, Cle Elum, WA 98922",47.196975,-120.950339
585,colfax,washington," 1301 N Morton St, Colfax, WA 99111",46.895891,-117.358837
586,covington,washington,"24942 164th Ave SE, Covington, WA 98042",47.37609,-122.122646
587,cusick,washington,"170 S 1st Ave, Cusick, WA 99119",48.336496,-117.293746
588,deer park,washington,"122 E B St, Deer Park, WA 99006",47.952125,-117.474375
589,des moines,washington,"1069 S 219th St, Des Moines, WA 98198",47.405637,-122.320305
590,duvall,washington,"28460 NE Big Rock Rd, Duvall, WA 98019",47.720574,-121.958148
591,east olympia,washington,"2316 Friendly Grove Rd NE, Olympia, WA 98506",47.066029,-122.870108
592,east wenatchee,washington," 660 N James Ave, East Wenatchee, WA 98802",47.415633,-120.268996
593,eatonville,washington,"114 Alder St E, Eatonville, WA 98328",46.862766,-122.264402
594,edmonds,washington,"350 6th Ave N, Edmonds, WA 98020",47.81271,-122.3739
595,ellensburg,washington,"105 N Pearl St, Ellensburg, WA 98926",46.99304,-120.547628
596,enumclaw,washington,"Fell St & Hillcrest Ave. Enumclaw, WA 98022",47.20939,-121.990448
597,ephrata,washington,"498 A St SE, Ephrata, WA 98823",47.31219,-119.549346
598,everett,washington,"1226 W Casino Rd, Everett, WA 98204",47.919198,-122.250852
599,everett,washington,"2600 10th St, Everett, WA 98201",48.003664,-122.194407
600,fairfield,washington,"101 1st St, Fairfield, WA 99012",47.386428,-117.173937
601,federal way,washington,"2645 S 312th St, Federal Way, WA 98003",47.322001,-122.298129
602,forks,washington,"437 Tillicum Ln, Forks, WA 98331",47.955478,-124.383277
603,fort lewis,washington,"Liggett Ave & 41st Division Dr, McChord AFB, WA 98433",47.087193,-122.5909
604,friday harbor,washington,"846 Argyle Ave, Friday Harbor, WA 98250",48.525957,-123.01725
605,gig harbor,washington,"3510 Grandview St, Gig Harbor, WA 98335",47.321973,-122.586603
606,goldendale,washington,"210 N Wilbur Ave, Goldendale, WA 98620",45.825932,-120.818619
607,grand coulee,washington,"Grand Coulee Ave, Grand Coulee, WA 99133",47.938559,-119.01311
608,hoquiam,washington,"494 W Emerson Ave, Hoquiam, WA 98550",46.981782,-123.913682
609,issaquah,washington,"301 Rainier Blvd S, Issaquah, WA 98027",47.526251,-122.033145
610,kelso,washington,"1400 Burcham St, Kelso, WA 98626",46.150144,-122.899139
611,kenmore,washington,"68th Ave NE & NE 182nd St, Kenmore, WA 98028",47.761178,-122.249341
612,kennewick,washington,"713 S Dayton St, Kennewick, WA 99336",46.201387,-119.122553
613,kent,washington,"25820 42nd Ave S, Kent, WA 98032",47.369924,-122.280616
614,kent,washington,"24055 116th Ave Se, Kent, WA 98030",47.386486,-122.187289
615,kent,washington,"909 W Smith, Kent WA 98032",47.383472,-122.24189
616,kettle falls,washington,"660 Meyers St, Kettle Falls, WA 99141",48.607113,-118.056569
617,kingston,washington,"25500 Lindvog Road NE, Kingston, WA 98346",47.800442,-122.504173
618,kirkland,washington,"365 Central Way, Kirkland, WA 98033",47.677443,-122.200864
619,la center,washington,"1000 NE Lockwood Creek Rd, La Center, WA 98629",45.862738,-122.659267
620,la conner,washington,"399 N 6th St, La Conner, WA 98257",48.397063,-122.490526
621,lacey,washington,"4527 Ruddell Rd SE, Lacey, WA 98503",47.004751,-122.810727
622,lakewood,washington,"6002 Fairlawn Rd, Lakewood, WA 98499",47.175315,-122.517867
623,langley,washington,"5481 Maxwelton Rd, Langley, WA 98260",48.008687,-122.406565
624,leavenworth,washington,"10190 Chumstick Hwy, Leavenworth, WA 98826",47.601785,-120.652224
625,liberty lake,washington,"E Country Vista Dr & N Molter Rd, Liberty Lake, Washington 99019",47.663943,-117.090007
626,long beach,washington,"Sid Snyder Dr & Shoreview Dr, Long Beach, WA 98631",46.346895,-124.058424
627,longview,washington,"2752 Douglas St, Longview, WA 98632",46.132947,-122.957213
628,lopez island,washington,"Fisherman Bay Rd & Village Rd, Lopez Island, WA",48.525977,-122.910314
629,lyle,washington,"Klickitat St & 3rd St, Lyle, WA 98635",45.695063,-121.286617
630,lynnwood,washington,"7309 Olympic View Dr, Lynnwood, WA 98037",47.830247,-122.333196
631,lynnwood,washington,"340 146th St SW, Lynnwood, WA 98087",47.865083,-122.237287
632,maple valley,washington,"22010 SE 248th St, Maple Valley, WA 98038",47.380098,-122.046882
633,marysville,washington,"1037 Columbia Ave, Marysville, WA 98270",48.059036,-122.174392
634,marysville (tulalip),washington,"6710 Totem Beach Rd, Marysville, WA 98271",48.055482,-122.271968
635,mercer island,washington,"7706 SE 34th St, Mercer Island, WA 98040",47.58088,-122.235613
636,mill creek,washington,"13903 N Creek Dr, Mill Creek, WA 98012",47.871901,-122.217801
637,milton,washington,"Milton Way & 23rd Ave, Milton, WA 98354",47.249898,-122.304653
638,monroe,washington,"Fryelands Bvld & Wales St SE, Monroe WA 98272",47.863103,-122.0097
639,morton,washington,"480 West Main Ave, Morton, WA 98356",46.558636,-122.280279
640,moses lake,washington,"414 W 4th Ave, Moses Lake, WA 98837",47.127226,-119.282014
641,mount vernon,washington," 3301 E Fir St, Mt Vernon, WA 98273",48.43108,-122.29751
642,mukilteo,washington,"10601 47th Place W, Mukilteo, WA 98275",47.901844,-122.294871
643,newport,washington,"1199 1st st, Newport, WA 99156",48.180593,-117.054386
644,north bend,washington,"712 E North Bend Way, North Bend, WA 98045",47.491892,-121.777467
645,oak harbor,washington,"N Princeton St & Intruder St, Oak Harbor, WA 98278",48.340699,-122.676006
646,oak harbor,washington,"224 SE Jerome St, Oak Harbor, WA 98277",48.296905,-122.647212
647,olympia,washington,"587 Cooper Point Rd SW, Olympia, WA 98502",47.044339,-122.941534
648,omak,washington,"Omak Ave & Columbia St, Omak, WA 98841",48.41028,-119.52129
649,orcas island,washington,"600 Mt Baker Rd, Eastsound, WA 98245",48.702263,-122.898509
650,port angeles,washington,"280 S Race St, Port Angeles, WA 98362",48.111666,-123.420718
651,port orchard,washington,"1739 Village Ln SE, Port Orchard, WA 98366",47.532191,-122.595464
652,port orchard,washington,"2601 SE Lund Ave, Port Orchard, WA 98366",47.519818,-122.615214
653,port townsend,washington,"Monroe St & Jefferson St, Port Townsend, WA 98368",48.117398,-122.753209
654,poulsbo,washington,"18131 Caldart Ave NE, Poulsbo, WA 98370",47.729758,-122.628432
655,poulsbo,washington,"12500 Camp Ct NW, Poulsbo, WA 98370",47.677903,-122.660475
656,prosser,washington,"926 S Kinney Way, Prosser, WA 99354",46.199107,-119.775463
657,pullman,washington,"325 NE Spring St, Pullman, WA 99163",46.729104,-117.171934
658,puyallup,washington,"1299 4th St NW, Puyallup, WA 98371",47.202278,-122.29789
659,quincy,washington,"724 Rd 10 NW, Quincy, WA 98848",47.233089,-119.8373
660,raymond,washington,"8th St & Franklin St, Raymond, WA 98577",46.68941,-123.726942
661,redmond,washington,"8466 161st Ave, Redmond, WA 98052",47.677109,-122.124771
662,renton,washington,"111 Houser Way N, Renton, WA 98057",47.481673,-122.200145
663,richland,washington,"1175 Carondelet Dr, Richland, WA 99354",46.284315,-119.28114
664,ridgefield,washington,"Simons St & N 3rd Ave, Ridgefield, WA 98642",45.816138,-122.745375
665,sammamish,washington,"801 228th Ave SE, Sammamish, WA 98075",47.600683,-122.035899
666,seatac,washington,"13664 22nd Ave S, SeaTac, WA 98168",47.480901,-122.305222
667,seatac,washington,"4700 S 187th Pl, SeaTac, WA 98188",47.435082,-122.275549
668,seattle,washington,"5701 22nd Ave NW, Seattle, WA 98107",47.670488,-122.385645
669,seattle,washington,"9210 29th Ave SW, Seattle, WA 98126",47.520674,-122.369436
670,seattle,washington,"195 Thomas St, Seattle, WA 98109",47.621149,-122.35311
671,seattle,washington,"11138 3rd Ave NE, Seattle, WA 98125",47.709821,-122.325519
672,seattle,washington,"9320 38th Ave S, Seattle, WA 98118",47.519366,-122.284311
673,seattle,washington,"9249 13th Ave NW, Seattle, WA 98117",47.696681,-122.37296
674,seattle,washington," 7700 25th Ave NE, Seattle, WA 98115",47.684708,-122.299273
675,seattle,washington,"2410 SW Genesee St, Seattle, WA 98116",47.564498,-122.363996
676,seattle,washington,"3601 Beacon Ave S, Seattle, WA 98144",47.569285,-122.309129
677,seattle,washington,"2155 S Judkins St, Seattle, WA 98144",47.591645,-122.304091
678,seattle,washington,"5301 Green Lake Way N, Seattle, WA 98103",47.667777,-122.342235
679,seattle,washington,"1 S Hanford St, Seattle, WA 98134",47.575793,-122.339605
680,seattle,washington,"748 S Cloverdale St, Seattle, WA 98108",47.526818,-122.323802
681,sedro woolley,washington,"326 Murdock St, Sedro-Woolley, WA 98284",48.509189,-122.237172
682,selah,washington,"300 E Goodlander Rd, Selah, WA 98942",46.662012,-120.52389
683,sequim,washington,"100 S Blake Ave, Sequim, WA 98382",48.080017,-123.084588
684,shelton,washington," 100 E Wallace Kneeland Blvd, Shelton, WA 98584",47.232545,-123.123789
685,shoreline,washington,"15499 10th Ave NE, Shoreline, WA 98155",47.741045,-122.319349
686,silverdale,washington,"11601 Silverdale Way NW, Silverdale, WA 98383",47.668563,-122.681261
687,snohomish,washington,"246 Pine Ave, Snohomish, WA 98290",47.913487,-122.086449
688,soap lake,washington,"424 2nd Ave NE, Soap Lake, WA 98851",47.390936,-119.483581
689,spokane,washington,"6139 N Market St, Spokane, WA 99208",47.713667,-117.365405
690,spokane,washington,"5701 N Assembly St, Spokane, WA 99205",47.71008,-117.477622
691,spokane,washington,"W 4th Ave & S McClellan St, Spokane, WA 99201",47.652967,-117.41498
692,spokane valley,washington,"2421 N Discovery Pl, Spokane Valley, WA 99216",47.679617,-117.227373
693,stanwood,washington,"9800 276th St NW, Stanwood, WA 98292",48.246197,-122.361091
694,sumner,washington,"5604 Graham Ave, Sumner, WA 98390",47.205733,-122.226059
695,tacoma,washington,"4624 Nassau Ave NE, Tacoma, WA 98422",47.300681,-122.40331
696,tacoma,washington,"460 E 56th St, Tacoma, WA 98404",47.205903,-122.424462
697,tacoma,washington,"151 S 4th St, Tacoma, WA 98402",47.261741,-122.439642
698,tacoma,washington,"5301 N 23rd St, Tacoma, WA 98407",47.269463,-122.508343
699,tacoma (spanaway),washington,"14824 C St S, Tacoma, WA 98444",47.123555,-122.437954
700,toledo,washington,"598 S 6th St, Toledo, WA 98591",46.436939,-122.85253
701,tonasket,washington,"98 5 West Railroad Ave, Tonasket, WA 98855",48.703223,-119.447593
702,tukwila,washington,"12424 42nd Ave S, Seattle, WA 98168",47.49196,-122.277645
703,university place,washington,"7454 Cirque Dr W, University Place, WA 98467",47.21322,-122.534532
704,vancouver,washington,"1501 NE 164th Ave, Vancouver, WA 98684",45.634433,-122.50266
705,vancouver,washington,"2401 E 4th Plain Blvd, Vancouver, WA 98661",45.636978,-122.645454
706,vancouver,washington,"2701 NE Four Seasons Ln, Vancouver, WA 98684",45.640916,-122.551459
707,vancouver,washington,"514 SE 155th Ave, Vancouver WA",45.617413,-122.514637
708,vashon,washington,"10500 SW 228th St, Vashon, WA 98070",47.400843,-122.46844
709,walla walla,washington,"400 N Tausick Way, Walla Walla, WA 99362",46.073533,-118.286429
710,walla walla,washington,"1898 Dalles Military Rd, Walla Walla, WA 99362",46.045119,-118.364616
711,wenatchee,washington,"323 Fuller St, Wenatchee, WA 98801",47.412386,-120.320387
712,wenatchee,washington,"246 N Wenatchee Ave, Wenatchee, WA 98801",47.428573,-120.315194
713,wilkeson,washington,"22209 163rd St E, Wilkeson, WA 98396",47.108034,-122.049013
714,wilson creek,washington,"303 Railroad St, Wilson Creek, WA 98860",47.422442,-119.122404
715,winlock,washington,"214 NW King Rd, Winlock, WA 98596",46.494703,-122.941949
716,woodinville,washington,"19602 136th Ave NE, Woodinville, WA 98072",47.769257,-122.157546
717,woodland,washington,"Park Rd & Lakeshore Dr, Woodland, WA 98674",45.901882,-122.741148
718,yakima,washington,"3908 River Rd, Yakima, WA 98902",46.615921,-120.560706
719,yakima,washington,"1152 E Maple St, Yakima, WA 98901",46.599858,-120.487336
720,yelm,washington,"300 2nd St SE, Yelm, WA 98597",46.940111,-122.607449